Name,Team,G,PA,HR,R,RBI,SB,BB%,K%,ISO,BABIP,AVG,OBP,SLG,wOBA,xwOBA,wRC+,BsR,Off,Def,WAR,NameASCII,PlayerId,MLBAMID
"Bobby Witt Jr.","KCR",74,330,9,38,29,27,0.103030303,0.172727272,0.163822525,0.331877729,0.290102389,0.363636363,0.453924914,0.35697563361684115,0.38725816240962246,123.57438458475359,4.581088729202747,13.784761512059879,15.432102918624878,4.174250699341797,"Bobby Witt Jr.",25764,677951
"Pete Crow-Armstrong","CHC",74,314,14,44,36,16,0.076433121,0.251592356,0.222222222,0.335106382,0.275985663,0.348242811,0.498207885,0.36679547413801533,0.36145726228371644,135.96732352313924,1.8998613189905882,15.2095130206379,13.627925276756287,3.969519242487136,"Pete Crow-Armstrong",27769,691718
"Yordan Alvarez","HOU",74,323,24,49,54,1,0.14241486,0.167182662,0.318518519,0.329896907,0.325925925,0.430340557,0.644444444,0.4504969159888614,0.4872682822862239,190.6811800671383,-2.4719785042107105,32.179881506521646,-8.252545297145844,3.6097599067965076,"Yordan Alvarez",19556,670541
"James Wood","WSN",74,345,20,68,48,13,0.171014492,0.289855072,0.274021352,0.36419753,0.28113879,0.411594202,0.555160142,0.4131691819111976,0.433123670628941,165.8104106366639,1.8893242795020342,28.64664454910027,-5.785654783248901,3.4621231022835093,"James Wood",29518,695578
"Nick Kurtz","ATH",72,330,18,52,57,7,0.206060606,0.281818181,0.265384615,0.389261744,0.292307692,0.442424242,0.557692307,0.4277167468798866,0.39966866970062254,171.82628545310982,-0.5939893489703536,27.44770251967121,-6.161753058433533,3.365927676876784,"Nick Kurtz",35110,701762
"Corbin Carroll","ARI",70,300,12,44,34,9,0.113333333,0.213333333,0.257692308,0.322580645,0.276923076,0.366666666,0.534615384,0.38688265719142645,0.36716228420451535,146.87503353242965,4.244226390495896,20.816869093672473,0.3252725601196289,3.1392695024161776,"Corbin Carroll",25878,682998
"Dillon Dingler","DET",66,275,16,36,51,0,0.08,0.21090909,0.271604939,0.269005847,0.255144032,0.329670329,0.526748971,0.368230510980655,0.39334759589050966,133.97389820398652,-0.268316937610507,10.784804481227225,10.091546773910522,3.124772459225629,"Dillon Dingler",27464,693307
"Kevin McGonigle","DET",70,309,5,46,25,9,0.145631067,0.132686084,0.13740458,0.319444444,0.282442748,0.39158576,0.419847328,0.36474814577010073,0.3658397476394455,131.60827647872313,4.120090948417783,15.674990133829795,3.0794171690940857,3.0317736818503205,"Kevin McGonigle",33572,805808
"Otto Lopez","MIA",73,310,5,44,31,13,0.038709677,0.148387096,0.137931034,0.382716049,0.337931034,0.367741935,0.475862068,0.36769194872148575,0.3380354831093236,133.4294238493226,2.9500859742984176,15.163005816572408,3.3465332984924316,2.9037683116095447,"Otto Lopez",19608,672640
"Byron Buxton","MIN",63,283,23,51,36,7,0.074204946,0.261484098,0.325581395,0.296296296,0.275193798,0.335689045,0.600775193,0.3973419380948899,0.34966827284359764,153.24475362847522,1.1615849742665887,18.988250789766095,-0.6862523555755615,2.891397976094971,"Byron Buxton",14161,621439
"JJ Wetherholt","STL",67,304,10,45,31,8,0.108552631,0.164473684,0.142857143,0.283582089,0.258687258,0.361842105,0.401544401,0.3417472014364028,0.355462646484375,119.24332931624646,2.3128260923549533,9.207007659247619,9.13243317604065,2.8667427792852638,"JJ Wetherholt",34985,802139
"Shohei Ohtani","LAD",71,317,15,51,42,6,0.16088328,0.230283911,0.25,0.356725146,0.296875,0.419047619,0.546875,0.4111940827742462,0.4221634210324755,164.9550713360372,0.8250464163720608,25.09121706921079,-7.237654209136963,2.8598813975085884,"Shohei Ohtani",19755,660271
"Max Muncy","LAD",68,258,16,47,28,0,0.127906976,0.236434108,0.256756757,0.296551724,0.265765765,0.368217054,0.522522522,0.3866691392219484,0.389095707162345,148.23042489505247,-0.25362620782107115,14.410956695216141,5.028170466423035,2.827874186532218,"Max Muncy",13301,571970
"Ben Rice","NYY",66,285,20,53,49,2,0.133333333,0.231578947,0.325102881,0.320754716,0.292181069,0.389473684,0.61728395,0.4247933875584433,0.3791391676750736,173.77088637268187,-0.5046215588226914,24.3688685558703,-7.2525315284729,2.7778059696761854,"Ben Rice",29576,700250
"Brice Turang","MIL",66,300,11,54,43,12,0.16,0.243333333,0.205645161,0.331325301,0.266129032,0.382550335,0.471774193,0.37289425316503494,0.36443097111308126,139.08341388656063,1.308115217834711,15.12603501759825,2.1935508251190186,2.749672604876293,"Brice Turang",22186,668930
"Luis Arraez","SFG",70,308,2,36,26,5,0.048701298,0.042207792,0.118705036,0.325925925,0.323741007,0.356435643,0.442446043,0.344131051103274,0.29982112398083577,121.11560080878402,1.9462060052901506,9.610692807689496,7.116515219211578,2.7155491814989623,"Luis Arraez",18568,650333
"Elly De La Cruz","CIN",58,257,12,40,37,10,0.085603112,0.295719844,0.228448276,0.365517241,0.280172413,0.346303501,0.508620689,0.3705998543171567,0.36151770939902655,131.85536333128078,0.7670786362141371,10.415241088984486,6.881289005279541,2.6062180628247,"Elly De La Cruz",26668,682829
"Willson Contreras","BOS",68,283,16,34,43,1,0.091872791,0.25795053,0.261410789,0.361290322,0.298755186,0.392226148,0.560165975,0.4098329749090452,0.3844635009765625,158.3069163805748,-0.7634148290380836,18.75809371810452,-3.4906792640686035,2.582111581749288,"Willson Contreras",11609,575929
"Colson Montgomery","CHW",68,284,17,33,40,1,0.091549295,0.306338028,0.257028112,0.262068965,0.220883534,0.316901408,0.477911646,0.34356288150536207,0.3224423272269113,117.21041119148386,-1.6862847721204162,4.096226026217072,10.964530944824219,2.5646745561500297,"Colson Montgomery",29712,695657
"Matt Olson","ATL",72,313,20,51,51,2,0.095846645,0.233226837,0.283154122,0.291005291,0.268817204,0.338658146,0.551971326,0.37878733145079047,0.37016130959717586,141.87039306067265,-0.27570885326713324,15.16902029684904,-0.34299612045288086,2.5381870459900506,"Matt Olson",14344,621566
"Miguel Vargas","CHW",70,306,16,51,44,10,0.147058823,0.163398692,0.241106719,0.243386243,0.245059288,0.367213114,0.486166007,0.372983930730506,0.39738978017674814,137.19656112662136,0.7088108388707042,14.174577446177675,-0.7242147028446198,2.4803058312541633,"Miguel Vargas",20178,678246
"Jordan Walker","STL",70,301,18,46,56,10,0.069767441,0.255813953,0.252707581,0.344262295,0.292418772,0.34551495,0.545126353,0.383853683043952,0.3733732914211742,147.9576061201214,0.9271797593683004,17.939083366445573,-3.321353930979967,2.477579484027923,"Jordan Walker",27475,691023
"Cody Bellinger","NYY",70,303,10,43,47,8,0.135313531,0.122112211,0.19455253,0.279069767,0.27237354,0.366336633,0.46692607,0.36408858999560767,0.3705594861829603,132.5332276954337,-0.0734633319079876,11.588633605804658,1.6264984607696533,2.4454541559502116,"Cody Bellinger",15998,641355
"Shea Langeliers","ATH",66,304,18,46,36,1,0.075657894,0.190789473,0.25,0.293532338,0.278985507,0.342105263,0.528985507,0.37543384037395516,0.3741017777398722,136.30974080250996,-0.2562293205410242,12.802580528185306,0.23567254841327667,2.4310521700121037,"Shea Langeliers",25816,669127
"Mike Trout","LAA",73,331,17,54,36,7,0.196374622,0.250755287,0.240458015,0.271604938,0.232824427,0.392749244,0.473282442,0.37679114171964095,0.4131468775859132,138.86592011735559,0.05109779257327318,15.27071793499725,-3.370188385248184,2.4129863598721886,"Mike Trout",10155,545361
"Brandon Lowe","PIT",68,299,18,44,47,0,0.103678929,0.260869565,0.272727273,0.264705882,0.238636363,0.321070234,0.511363636,0.35842762703082237,0.34797084731543626,126.56642280251407,-0.14618978183716536,9.21504612200452,4.0523552894592285,2.333390333293333,"Brandon Lowe",18882,664040
"Randy Arozarena","SEA",71,302,7,47,33,19,0.092715231,0.218543046,0.157088123,0.361256544,0.291187739,0.377483443,0.448275862,0.3657869937404102,0.35281232662771234,139.0666910071921,2.3667582347989082,16.324669603932456,-4.226585626602173,2.327978413838846,"Randy Arozarena",19290,668227
"José Ramírez","CLE",72,314,10,42,33,24,0.130573248,0.140127388,0.179104477,0.248847926,0.23880597,0.338658146,0.417910447,0.3297027781025156,0.3547837198363065,109.23052290026982,4.285354235209525,7.714317385441215,3.946884512901306,2.326958527038629,"Jose Ramirez",13510,608070
"CJ Abrams","WSN",72,308,14,46,53,11,0.094155844,0.204545454,0.220973783,0.321243523,0.284644194,0.37012987,0.505617977,0.3792062454363879,0.3501187934250128,142.64957834249142,0.5174662796780467,15.998301198566015,-3.413698434829712,2.293332675572375,"CJ Abrams",25768,682928
"Drake Baldwin","ATL",49,217,14,40,39,1,0.110599078,0.202764976,0.253968254,0.333333333,0.306878306,0.391705069,0.56084656,0.4107416170062842,0.4179150603538336,163.66143722965413,-0.7167635560035706,15.563637308931906,-0.18321193754673004,2.2796674873636604,"Drake Baldwin",31539,686948
"Andy Pages","LAD",73,309,15,42,56,7,0.061488673,0.197411003,0.219081272,0.287735849,0.268551236,0.313915857,0.487632508,0.3446853897718164,0.3402173928072537,119.59984459124755,0.16860969550907612,7.306009562338533,5.010862469673157,2.2693269230392006,"Andy Pages",24816,681624
"Ceddanne Rafaela","BOS",67,263,7,29,32,7,0.053231939,0.205323193,0.164609054,0.346153846,0.288065843,0.342205323,0.452674897,0.3496278347624572,0.2989093780517578,117.4086823091899,-0.3021568190306425,5.114464992271297,7.506487488746643,2.2398705124964025,"Ceddanne Rafaela",24262,678882
"Michael Harris II","ATL",68,259,14,35,41,3,0.046332046,0.2007722,0.208163266,0.338888888,0.306122448,0.339768339,0.514285714,0.37011749150670176,0.38340981925044076,135.9580447832706,-1.39450569357723,9.58100542964459,3.985346555709839,2.23259935799312,"Michael Harris II",25931,671739
"Xavier Edwards","MIA",74,313,6,43,25,11,0.124600638,0.127795527,0.137037037,0.321585903,0.292592592,0.378205128,0.429629629,0.35529198808577456,0.33889612398649516,124.9733408792573,1.318157298490405,10.53007191545475,0.8446047678589821,2.1864238953406208,"Xavier Edwards",22266,669364
"Kyle Schwarber","PHI",70,315,25,44,43,1,0.146031746,0.339682539,0.324528302,0.308270676,0.249056603,0.368253968,0.573584905,0.4015187621116638,0.37929266652753274,156.226589115388,-1.3299379665404558,19.542886150846602,-8.488863348960876,2.1603056919445964,"Kyle Schwarber",16478,656941
"Bryan Reynolds","PIT",74,320,10,49,45,5,0.153125,0.209375,0.189393939,0.338624338,0.28030303,0.4,0.469696969,0.3830117626385119,0.37245720437487717,143.33143493063812,0.19812961108982563,16.539255304782778,-5.920839071273804,2.132315963391207,"Bryan Reynolds",19326,668804
"Aaron Judge","NYY",59,261,17,43,38,5,0.16091954,0.275862068,0.285046729,0.285714285,0.247663551,0.374517374,0.53271028,0.38709718035900686,0.4138469159842495,148.16330034444226,-0.3108330210670829,14.560969571568648,-2.9871152248233557,2.12589849286969,"Aaron Judge",15640,592450
"Freddie Freeman","LAD",71,310,11,39,38,2,0.116129032,0.164516129,0.194029851,0.306220095,0.279850746,0.367741935,0.473880597,0.36778469822553367,0.378497990975488,135.35228724604318,-0.08257713355123997,12.832830931003837,-2.318209648132324,2.0889220837311884,"Freddie Freeman",5361,518692
"Adley Rutschman","BAL",52,220,8,26,40,0,0.104545454,0.14090909,0.212435233,0.27388535,0.264248704,0.34090909,0.476683937,0.3548818043687127,0.3638829618828482,126.5936958550511,-0.29645938891917467,6.625168444227862,5.953685522079468,2.079678420894341,"Adley Rutschman",26288,668939
"Juan Soto","NYM",56,240,15,32,34,6,0.141666666,0.1375,0.259803921,0.280254777,0.289215686,0.389121338,0.549019607,0.39827279778509184,0.4178167235799682,158.94958144662766,0.020937354303896427,16.694211414208418,-4.207729145884514,2.060189885722361,"Juan Soto",20123,665742
"Munetaka Murakami","CHW",57,246,20,43,41,1,0.178861788,0.325203252,0.32,0.277227722,0.24,0.37804878,0.56,0.3986843703699506,0.37956424570677194,154.6552464407369,-1.3726133843883872,14.533857313027923,-3.9052643179893494,1.9751727536255346,"Munetaka Murakami",37120,808959
"Yandy Díaz","TBR",67,295,12,34,46,1,0.091525423,0.128813559,0.189189189,0.327014218,0.312741312,0.389830508,0.501930501,0.38750706858014405,0.36312277506792007,146.44003245621525,-0.15193091332912445,16.055769345117433,-7.237654209136963,1.9683029695968992,"Yandy Diaz",16578,650490
"Riley Greene","DET",73,306,8,36,33,1,0.124183006,0.281045751,0.151515151,0.412790697,0.299242424,0.388888888,0.450757575,0.3725886095583049,0.3584541869319342,136.93441844031383,-0.3975618341937661,12.973304811269603,-4.640409708023071,1.9587308394483913,"Riley Greene",25976,682985
"Tristan Peters","CHW",68,200,3,22,21,4,0.07,0.185,0.155555556,0.357142857,0.294444444,0.352040816,0.45,0.3528872892564657,0.30449585593426165,123.54461803583557,1.1117238560691476,6.6826642366187645,5.369884967803955,1.9535248890323391,"Tristan Peters",30063,671976
"Brayan Rocchio","CLE",70,261,5,28,32,12,0.084291187,0.130268199,0.123348018,0.293193717,0.268722466,0.347490347,0.392070484,0.3307968329738926,0.3133804202079773,109.97373040892391,0.597833851352334,3.677509635464178,5.98860764503479,1.9314609283014905,"Brayan Rocchio",23690,677587
"Michael Busch","CHC",73,322,8,31,42,2,0.155279503,0.229813664,0.156488549,0.311475409,0.248091603,0.378881987,0.404580152,0.3525486350802246,0.35642663117881135,126.251772266719,-1.2386199813336134,8.723308533680147,-0.20741033554077148,1.9245892288124873,"Michael Busch",26319,683737
"Josh Jung","TEX",68,288,8,32,30,1,0.072916666,0.159722222,0.153256705,0.334928229,0.298850574,0.357638888,0.452107279,0.35647888936930233,0.3516136540306939,127.63982515633376,-1.810144335962832,7.6073343290195705,0.41679519414901733,1.8620002427312434,"Josh Jung",26299,673962
"Alec Burleson","STL",70,307,13,39,52,2,0.084690553,0.153094462,0.205776174,0.301369863,0.285198555,0.348534201,0.490974729,0.36319157920899936,0.39143306330630656,133.8672013601838,0.6062967572361231,12.859414494417145,-4.518768608570099,1.8575048554256886,"Alec Burleson",27615,676475
"Ozzie Albies","ATL",72,306,10,45,37,1,0.071895424,0.120915032,0.157509157,0.283261802,0.278388278,0.333333333,0.435897435,0.3359172983107224,0.31086654916554196,112.63541661100165,0.05420496966689825,4.610794559093908,3.223332166671753,1.8025986520119357,"Ozzie Albies",16556,645277
"Gunnar Henderson","BAL",73,334,14,39,34,6,0.077844311,0.24251497,0.188118812,0.258373205,0.224422442,0.293413173,0.412541254,0.3108257690589585,0.3104976265730258,96.66578538148602,1.2987340446561575,-0.018754609515397647,5.5032384395599365,1.7699364486944713,"Gunnar Henderson",26289,683002
"Matt Chapman","SFG",72,301,7,35,40,0,0.106312292,0.205980066,0.152671756,0.311224489,0.259541984,0.34551495,0.41221374,0.3355137793223063,0.2986124846894862,115.23910109267936,-0.6071247775107622,4.798610408641416,2.662074387073517,1.748129732340116,"Matt Chapman",16505,656305
"Jazz Chisholm Jr.","NYY",68,279,9,36,29,20,0.11469534,0.283154121,0.168032787,0.297468354,0.229508196,0.318996415,0.397540983,0.3184960608413997,0.30375727692213444,101.56155443439386,3.244269732385874,3.759697957436785,3.129624307155609,1.7137095671923983,"Jazz Chisholm Jr.",20454,665862
"Oneil Cruz","PIT",64,283,14,45,44,21,0.106007067,0.346289752,0.208,0.376811594,0.264,0.349823321,0.472,0.3589640191865561,0.3583699434888833,126.9322123970644,2.337319859303534,11.319616375132947,-3.732651114463806,1.7019332249871517,"Oneil Cruz",21711,665833
"Paul Goldschmidt","NYY",46,180,10,25,33,1,0.083333333,0.188888888,0.248447205,0.322033898,0.298136645,0.366666666,0.54658385,0.3942622101969189,0.3676255721619675,153.0306101244028,0.05880412366241217,11.351717442868066,-1.1469709873199463,1.6926835877086437,"Paul Goldschmidt",9218,502671
"Pete Alonso","BAL",74,320,16,44,48,2,0.109375,0.225,0.218637993,0.278350515,0.250896057,0.3375,0.46953405,0.3503153862068488,0.37787284008712047,123.49166107202409,-1.3769318936392665,7.516524305863198,-2.340376377105713,1.6877520998426845,"Pete Alonso",19251,624413
"Liam Hicks","MIA",71,277,13,39,51,1,0.101083032,0.090252707,0.20083682,0.262135922,0.280334728,0.36101083,0.481171548,0.36575951891532843,0.32453110306351274,132.11161428082823,-2.9420044738799334,7.540639326631993,0.024426698684692383,1.680012217169415,"Liam Hicks",29844,689414
"William Contreras","MIL",66,291,6,39,43,1,0.082474226,0.130584192,0.114503817,0.315315315,0.290076335,0.347079037,0.404580152,0.3306522326073432,0.333215495706842,110.27670706280483,-1.5821296265348792,1.9421948600443342,4.933321297168732,1.655673993385341,"William Contreras",20503,661388
"Iván Herrera","STL",71,323,9,48,31,4,0.130030959,0.154798761,0.16091954,0.289215686,0.260536398,0.396284829,0.421455938,0.36566841340737655,0.3686453662341154,135.55626442254984,-1.8177842451259494,11.716882621106405,-5.90628308057785,1.6521452719981395,"Ivan Herrera",20599,671056
"Geraldo Perdomo","ARI",70,292,4,31,25,11,0.140410958,0.123287671,0.116666667,0.268292682,0.245833333,0.354166666,0.3625,0.32452651403016514,0.3355272527326617,104.35161464782985,-0.29726375732570887,1.2002202832013351,5.420055150985718,1.6329412291039336,"Geraldo Perdomo",22799,672695
"JJ Bleday","CIN",44,192,13,27,34,2,0.135416666,0.177083333,0.31097561,0.262711864,0.268292682,0.369791666,0.579268292,0.4040889499699258,0.3899500609705688,154.693062558866,-0.0720283854752779,12.303461296942384,-2.5093278288841248,1.6282720708856817,"JJ Bleday",26368,668709
"Ian Happ","CHC",70,309,16,47,37,4,0.132686084,0.317152103,0.246212121,0.278145695,0.219696969,0.330097087,0.46590909,0.34509020634725984,0.33065741046581393,121.16553900799127,-0.0711827240884304,7.63637406768688,-1.7852145433425903,1.6103381056427732,"Ian Happ",17919,664023
"Junior Caminero","TBR",70,307,15,43,32,0,0.136807817,0.172638436,0.215909091,0.289340101,0.272727272,0.371335504,0.488636363,0.37387698261361374,0.3632387034098307,137.18091529587014,-1.4668454490602016,12.037244373576751,-7.268605947494507,1.599085539102426,"Junior Caminero",28163,691406
"Zack Gelof","ATH",57,208,10,34,28,8,0.057692307,0.25,0.213541667,0.346153846,0.286458333,0.334951456,0.5,0.36292402142459906,0.29204662173402074,127.8116374456256,1.3847758630290627,8.22856720479524,0.04574716091156006,1.5974501178462759,"Zack Gelof",29766,680869
"Brandon Marsh","PHI",68,262,9,39,34,7,0.04961832,0.240458015,0.180327869,0.4,0.323770491,0.358778625,0.50409836,0.37260978751712376,0.3367481231689453,136.51227751935608,0.3717834996059537,11.645552612218077,-4.423095941543579,1.5958707260573357,"Brandon Marsh",20202,669016
"Mauricio Dubón","ATL",68,269,6,28,38,1,0.066914498,0.156133828,0.141129032,0.295,0.262096774,0.317164179,0.403225806,0.3188293469485952,0.3145717247984463,100.98238489971992,-0.47133152186870575,-0.15989977666297528,7.127560317516327,1.5928723011886385,"Mauricio Dubon",16530,643289
"Chase Meidroth","CHW",69,294,6,42,25,2,0.091836734,0.224489795,0.120155039,0.34574468,0.275193798,0.346020761,0.395348837,0.33114026203287517,0.2922874852230674,108.77154371723702,-0.27452449407428503,2.776391350855266,2.0863367319107056,1.5615422283428966,"Chase Meidroth",31580,805367
"Ezequiel Duran","TEX",64,234,4,29,36,5,0.072649572,0.256410256,0.145539906,0.36423841,0.276995305,0.330472103,0.422535211,0.33075293016024415,0.3040770493544541,110.16380402456353,0.46699533611536026,3.2807032087118295,3.7109293341636658,1.56098446829023,"Ezequiel Duran",23733,677649
"Hunter Goodman","COL",68,288,20,45,37,5,0.083333333,0.333333333,0.277992278,0.3125,0.25096525,0.322916666,0.528957528,0.36448212978723166,0.327369125796036,118.8659419432606,-1.7000032858923078,4.703238522425433,1.207293689250946,1.5474778093055999,"Hunter Goodman",29715,696100
"Wilyer Abreu","BOS",69,298,8,31,34,5,0.087248322,0.197986577,0.152985075,0.323529411,0.276119402,0.336700336,0.429104477,0.33548007905483246,0.3394894098831435,107.79790450672348,-0.566657398827374,2.1825090960694196,1.8633983135223389,1.4927938907592997,"Wilyer Abreu",23772,677800
"Seiya Suzuki","CHC",59,245,10,32,28,0,0.106122448,0.265306122,0.176744186,0.319148936,0.255813953,0.342857142,0.432558139,0.33934950360581895,0.33623860887259494,117.25069926662131,-0.7852742979303002,4.195555593553403,2.4285011291503906,1.4790959144737985,"Seiya Suzuki",30116,673548
"Fernando Tatis Jr.","SDP",71,309,2,28,24,17,0.090614886,0.207119741,0.065934066,0.349056603,0.278388278,0.344155844,0.344322344,0.30975709520644396,0.34871641277101995,99.02662109165749,-0.9115337319672108,-1.2659954450912412,5.696105003356934,1.4655039461442083,"Fernando Tatis Jr.",19709,665487
"Gabriel Moreno","ARI",48,188,6,24,24,4,0.101063829,0.180851063,0.177914111,0.293650793,0.26380368,0.34574468,0.441717791,0.3460098000917029,0.3635019281859039,119.00201997918447,-0.14608712494373322,4.0639559645349195,3.9749779887497425,1.436255196249848,"Gabriel Moreno",22664,672515
"Spencer Horwitz","PIT",68,269,9,30,31,1,0.137546468,0.137546468,0.169642857,0.291208791,0.276785714,0.382899628,0.446428571,0.36744230741905015,0.32991544021549724,132.71393306895308,-1.4563318155705929,8.914508850966874,-3.5165141820907593,1.4328911304429286,"Spencer Horwitz",26477,687462
"Maikel Garcia","KCR",67,285,3,32,30,5,0.084210526,0.154385964,0.111969112,0.308411214,0.266409266,0.326315789,0.378378378,0.3136355768170273,0.32173783151726976,94.13284880641098,0.8105285093188286,-1.167711612101046,4.936892509460449,1.417456801149303,"Maikel Garcia",22715,672580
"Jacob Young","WSN",72,243,8,31,28,7,0.049382716,0.189300411,0.159292035,0.261627906,0.234513274,0.285123966,0.393805309,0.2993531163073768,0.3058625850440061,88.19418891249687,2.2580619184300303,-1.122827952499124,6.862536013126373,1.3823996252424313,"Jacob Young",29931,696285
"Jake Bauers","MIL",61,246,13,40,46,5,0.12601626,0.235772357,0.240566038,0.319148936,0.273584905,0.373983739,0.514150943,0.3839469247884711,0.3639633814493815,146.62072074054342,1.2094525545835495,14.72529160838855,-9.09595251083374,1.3809952756319126,"Jake Bauers",15194,641343
"Julio Rodríguez","SEA",74,326,13,39,35,9,0.076687116,0.202453987,0.177852349,0.277272727,0.248322147,0.30981595,0.426174496,0.3224956886584942,0.3412797951403959,109.65827298532534,0.42065893951803446,4.145638912624227,-2.203391134738922,1.3799049787753057,"Julio Rodriguez",23697,677594
"Christian Walker","HOU",74,307,18,42,52,0,0.081433224,0.214983713,0.249097473,0.257731958,0.245487364,0.315960912,0.494584837,0.3487723502956453,0.3140161483014216,121.5781917109706,-0.2785949679091573,7.55859345943957,-5.173154234886169,1.3561886237859446,"Christian Walker",13419,572233
"Kazuma Okamoto","TOR",71,291,15,35,42,0,0.099656357,0.323024054,0.210116731,0.3,0.233463035,0.316151202,0.443579766,0.33333066095601244,0.3269598262826192,111.1166396076521,-1.4503431878983974,2.3767882801253855,0.5299652814865112,1.3513114359322753,"Kazuma Okamoto",37123,672960
"Taylor Ward","BAL",73,336,3,46,20,2,0.1875,0.199404761,0.097014925,0.33,0.257462686,0.401785714,0.354477611,0.34977339434979565,0.35841923044688667,123.12347806006576,-2.56801007501781,6.623763150838352,-5.349142551422119,1.3481162027593214,"Taylor Ward",17548,621493
"Ernie Clement","TOR",72,292,7,34,28,2,0.030821917,0.102739726,0.153024911,0.31300813,0.298932384,0.31849315,0.451957295,0.3346770356779229,0.27094108869939326,112.03125168878701,-0.018956719897687435,4.1372824345886166,-1.4988926649093628,1.3275852708909606,"Ernie Clement",20352,676391
"Casey Schmitt","SFG",65,274,15,33,38,6,0.025547445,0.200729927,0.232558139,0.298429319,0.279069767,0.310218978,0.511627906,0.35292890950711103,0.34404695735258223,127.11525055020957,0.2729007378220558,9.028645757109544,-4.949529707431793,1.3148778501897072,"Casey Schmitt",27577,669477
"Sal Stewart","CIN",72,314,14,39,47,11,0.130573248,0.203821656,0.203703704,0.278350515,0.251851851,0.350318471,0.455555555,0.35151762805184367,0.36666928030083284,118.84234713763773,-0.7955732643604279,6.177007764143099,-3.410819962620735,1.3123236879451112,"Sal Stewart",31505,701398
"Jonathan Aranda","TBR",69,301,11,35,48,0,0.136212624,0.242524916,0.172,0.331395348,0.272,0.375415282,0.444,0.3587293636878865,0.3732791448043565,126.89091575529702,-1.243404514156282,8.332481184044957,-6.216666340827942,1.3069546829499967,"Jonathan Aranda",21837,666018
"Alex Bregman","CHC",73,333,6,33,22,2,0.105105105,0.165165165,0.103092784,0.288793103,0.250859106,0.339339339,0.35395189,0.3126243441126498,0.3148880698464134,99.0256280182798,-0.6294385958462954,-1.011821037430439,2.8936798572540283,1.284540996386707,"Alex Bregman",17678,608324
"Dominic Canzone","SEA",65,185,10,25,29,1,0.086486486,0.189189189,0.268292683,0.305785123,0.286585365,0.356756756,0.554878048,0.3906350403218656,0.3888058224239865,155.94633322429658,-0.26076949108392,11.983988947825637,-5.966029509902,1.284092122615399,"Dominic Canzone",26438,686527
"Daylen Lile","WSN",73,319,8,42,37,7,0.075235109,0.169278996,0.159722222,0.291304347,0.260416666,0.319749216,0.420138888,0.3232138773555276,0.327749956293437,104.46589985414155,0.08732425607740879,1.7662387726867048,0.45479726791381836,1.273169055786567,"Daylen Lile",29995,695734
"Tyler Soderstrom","ATH",70,296,12,35,39,1,0.128378378,0.182432432,0.23046875,0.261780104,0.2421875,0.341216216,0.47265625,0.35096560418605804,0.3325890609898518,119.68810935227143,-0.2169581800699234,6.677538863613475,-4.786583662033081,1.2659088016085183,"Tyler Soderstrom",27467,691016
"Ketel Marte","ARI",69,304,11,39,41,0,0.072368421,0.148026315,0.182795699,0.265486725,0.254480286,0.305921052,0.437275985,0.32352185406182943,0.3667333221435547,103.6664924689349,-0.5167291890829802,0.7968410553934306,1.5589573085308075,1.237681537016786,"Ketel Marte",13613,606466
"Jung Hoo Lee","SFG",65,262,3,35,25,3,0.041984732,0.095419847,0.114285715,0.354545454,0.330612244,0.362595419,0.444897959,0.3542843445111777,0.33561148223292325,128.03958177928698,-0.45100775826722383,8.206676518653282,-4.5787107944488525,1.2295183193972028,"Jung Hoo Lee",33824,808982
"Isaac Paredes","HOU",68,283,10,29,35,0,0.106007067,0.169611307,0.179166667,0.25,0.233333333,0.342756183,0.4125,0.33797273471582906,0.3271055996628616,114.24185456784825,-1.105295231565833,3.6629638864216814,-2.0725292451679707,1.1881466101097258,"Isaac Paredes",20036,670623
"Garrett Mitchell","MIL",60,222,5,30,34,6,0.126126126,0.346846846,0.173684211,0.394495412,0.252631578,0.352941176,0.426315789,0.3443972939794714,0.341313344782049,119.65007386661719,-0.18337417393922806,4.957607821568268,-0.720898449420929,1.1603016170429632,"Garrett Mitchell",27555,669003
"Kody Clemens","MIN",62,238,11,31,28,6,0.06722689,0.214285714,0.241860465,0.281045751,0.25116279,0.31779661,0.493023255,0.3501374546517717,0.33745874910273105,121.17805619408892,-0.5626589525490999,5.400411207341234,-2.6430278420448303,1.1439300212122796,"Kody Clemens",20572,665019
"J.P. Crawford","SEA",56,237,10,31,23,1,0.151898734,0.185654008,0.17948718,0.246478873,0.23076923,0.362869198,0.41025641,0.3486967853855986,0.36079807604773567,127.4570619967457,-1.6582194352522492,6.040336616228132,-3.3890936374664307,1.1294865235311093,"J.P. Crawford",15491,641487
"Teoscar Hernández","LAD",51,204,7,30,31,2,0.093137254,0.269607843,0.160220995,0.3553719,0.276243093,0.348039215,0.436464088,0.3444308118867169,0.3391835807573677,119.42623664344929,0.3928120946511626,5.063144192458133,-0.5907759666442871,1.1252530125608378,"Teoscar Hernandez",13066,606192
"José Caballero","NYY",60,216,7,27,23,15,0.055555555,0.199074074,0.156565657,0.3,0.262626262,0.314814814,0.419191919,0.32274088649838056,0.287873965043288,104.44512671557658,1.162063899450004,2.297976095990066,0.9183559417724609,1.110942809875974,"Jose Caballero",23401,676609
"Cam Smith","HOU",74,280,7,29,26,8,0.092857142,0.271428571,0.137651822,0.28313253,0.218623481,0.301075268,0.356275303,0.2953255881545364,0.33305111891931766,85.27102286986319,2.206380666233599,-2.6726942317755746,3.6068708896636963,1.1103836104090536,"Cam Smith",35108,701358
"Nolan Arenado","ARI",68,261,8,30,31,3,0.084291187,0.210727969,0.156521739,0.276470588,0.239130434,0.318007662,0.395652173,0.3156872524664952,0.3012976922583856,98.32373025590373,-1.1097499299794436,-1.6253504358592994,4.063713312149048,1.1049918674657118,"Nolan Arenado",9777,571448
"Nico Hoerner","CHC",72,326,4,26,34,12,0.095092024,0.070552147,0.094076655,0.238636363,0.233449477,0.312883435,0.327526132,0.290820461109372,0.3304107949460623,84.15659341712771,1.2337343571707606,-4.853150531454608,5.1431602239608765,1.099328365983567,"Nico Hoerner",21479,663538
"Dansby Swanson","CHC",70,268,7,39,28,6,0.126865671,0.246268656,0.131004366,0.207547169,0.174672489,0.280898876,0.305676855,0.26891577667957833,0.2790618087306167,69.21881785371288,2.813324000686407,-6.908528104572952,9.063897132873535,1.0991195163395782,"Dansby Swanson",18314,621020
"Zach Neto","LAA",71,326,14,50,33,11,0.110429447,0.319018404,0.212765957,0.296969696,0.223404255,0.325153374,0.436170212,0.33518195977577797,0.31555437158655236,110.60019299645639,-1.425643120892346,2.6626143432375633,-3.507824420928955,1.095805808945134,"Zach Neto",31347,687263
"TJ Rumfield","COL",71,285,10,32,36,0,0.094736842,0.143859649,0.19123506,0.292079207,0.274900398,0.354385964,0.466135458,0.35986860655901726,0.32368016327227805,115.71977589094662,-1.912218769080937,3.3676135660300552,-1.8691976070404053,1.087948088542313,"TJ Rumfield",29805,681198
"Will Smith","LAD",52,201,6,23,23,0,0.11442786,0.169154228,0.132947977,0.272058823,0.248554913,0.338308457,0.38150289,0.322795646700693,0.38563461683282807,104.67225820280777,-1.7002818947657943,-0.5935260764850838,4.714956432580948,1.079640727293614,"Will Smith",19197,669257
"Konnor Griffin","PIT",51,208,4,30,22,14,0.067307692,0.269230769,0.132275133,0.358778625,0.269841269,0.326923076,0.402116402,0.3222897026974421,0.30296563411104505,101.92236984891545,4.419109602458775,4.890335556498043,-1.0038453340530396,1.07866603599163,"Konnor Griffin",35376,804606
"Jac Caglianone","KCR",68,253,8,29,20,3,0.086956521,0.300395256,0.167400882,0.37062937,0.268722466,0.343873517,0.436123348,0.34540618785285193,0.35441562107631136,115.71509051484949,0.0784908402711153,4.782241299628547,-3.2259449772536755,1.0758988038767083,"Jac Caglianone",35041,695506
"Andrés Giménez","TOR",69,247,7,18,31,7,0.032388663,0.198380566,0.144104804,0.257142857,0.227074235,0.272357723,0.371179039,0.283795235360541,0.2631716358418367,77.46649900675733,0.3860873216763139,-6.198559587994186,7.8382487297058105,1.0626445616921187,"Andres Gimenez",19950,665926
"Trevor Larnach","MIN",60,212,4,31,18,2,0.12735849,0.198113207,0.131868132,0.323529411,0.263736263,0.367924528,0.395604395,0.34327226255742294,0.32701906321738006,116.5144305877692,0.7333624344319105,4.87532653714739,-2.192263539880514,1.042089294185808,"Trevor Larnach",21501,663616
"Cole Young","SEA",74,299,5,31,32,2,0.066889632,0.187290969,0.100371747,0.303317535,0.256505576,0.318791946,0.356877323,0.3032117189976993,0.3284295613333683,96.55838976783943,-1.5213435152545571,-2.738761570369106,2.2597891092300415,1.0352413695863494,"Cole Young",31680,702284
"Kyle Karros","COL",70,238,3,32,19,2,0.12605042,0.210084033,0.112195121,0.305194805,0.243902439,0.340336134,0.35609756,0.31570905622314005,0.33507186954031515,85.60542048843567,1.454257489182055,-2.5831711674704785,4.953649938106537,1.0225984831500778,"Kyle Karros",33252,691720
"Daulton Varsho","TOR",64,236,5,27,17,5,0.093220338,0.190677966,0.151658768,0.302469135,0.25592417,0.330508474,0.407582938,0.32414673740028316,0.30395413260174614,104.87786573616218,0.2641594186425209,1.6260703660941984,-0.11185860633850098,1.0099740903305392,"Daulton Varsho",19918,662139
"Jacob Wilson","ATH",43,186,3,20,21,2,0.037634408,0.118279569,0.101694915,0.307189542,0.282485875,0.308108108,0.38418079,0.3051633731738941,0.26992752241051715,88.57398254572021,0.007105615921318531,-2.5071804766824077,5.757621884346008,1.0056508439568868,"Jacob Wilson",33266,805779
"Nick Gonzales","PIT",68,275,2,38,32,4,0.058181818,0.174545454,0.066929134,0.351219512,0.291338582,0.341818181,0.358267716,0.31536460876464845,0.32633184259588066,97.19984123841712,0.39453373942524195,-0.5129613222290401,1.46493399143219,0.999439257484068,"Nick Gonzales",27490,693304
"Brandon Nimmo","TEX",71,304,7,28,25,2,0.078947368,0.207236842,0.150735294,0.308823529,0.257352941,0.328947368,0.408088235,0.3255252519456467,0.3715686357454105,106.6125655962513,-0.6125757452100515,1.7656355783944968,-2.8751166462898254,0.9891076694387904,"Brandon Nimmo",12927,607043
"Oswald Peraza","LAA",67,224,7,20,21,9,0.040178571,0.263392857,0.163461539,0.330985915,0.259615384,0.30941704,0.423076923,0.3224491148251589,0.3075156923872313,101.95058480823293,1.5950810639187694,2.1119967622839773,-0.39077579975128174,0.9875652127577641,"Oswald Peraza",22823,672724
"Carson Benge","NYM",70,278,7,37,26,10,0.068345323,0.21942446,0.125490196,0.304812834,0.250980392,0.31294964,0.376470588,0.3082044244670182,0.34451098390434626,97.52796406156865,1.868320083245635,1.0584254943791036,-0.3219876289367676,0.987316350111578,"Carson Benge",35177,701807
"Bryce Harper","PHI",73,303,15,47,40,5,0.151815181,0.184818481,0.234126984,0.258064516,0.25,0.359735973,0.484126984,0.36487766357751383,0.4046683834240682,131.23939936360864,-0.18442545179277658,10.970693991318035,-11.147412776947021,0.9762845535774227,"Bryce Harper",11579,547180
"Angel Martínez","CLE",66,243,11,28,33,9,0.028806584,0.218106995,0.203539823,0.26380368,0.238938053,0.276150627,0.442477876,0.3115988872540047,0.30564534163274687,96.93228451526768,1.1979545904323459,0.3160365676653547,0.21714329719543457,0.9353660997965989,"Angel Martinez",26540,682657
"Gleyber Torres","DET",43,190,4,26,18,0,0.152631578,0.17368421,0.114649681,0.327868852,0.280254777,0.394736842,0.394904458,0.3562040701114311,0.3427409015635334,125.80416066135143,-2.7294411063194275,3.070855520957772,-0.6902928948402405,0.9314947960787477,"Gleyber Torres",16997,650402
"Ronald Acuña Jr.","ATL",53,236,7,31,22,15,0.148305084,0.220338983,0.169230769,0.304347826,0.251282051,0.372881355,0.42051282,0.35239388443465924,0.3785678504878639,123.87153125850958,0.3975549526512623,7.036838278895346,-5.548391580581665,0.9261383019641398,"Ronald Acuna Jr.",18401,660670
"Evan Carter","TEX",66,229,6,26,21,10,0.126637554,0.23580786,0.14507772,0.208955223,0.176165803,0.292035398,0.321243523,0.28127027797487986,0.2940588757000138,76.5495131746045,2.6206811256706715,-3.7325435072941504,4.66507625579834,0.9253097638920313,"Evan Carter",27790,694497
"Xander Bogaerts","SDP",68,269,8,29,27,9,0.096654275,0.185873605,0.117154811,0.245901639,0.221757322,0.301115241,0.338912133,0.2895213954953899,0.3160478962001516,85.22700021050741,0.36119153071194887,-4.322085978620011,4.708851456642151,0.9221440172257522,"Xander Bogaerts",12161,593428
"Bryson Stott","PHI",67,252,6,22,35,12,0.071428571,0.17063492,0.160869565,0.258241758,0.230434782,0.288,0.391304347,0.29878957200050354,0.313631591796875,86.17099938022274,3.475781248882413,-0.6311767181175831,1.3697785139083862,0.9022177853253057,"Bryson Stott",26294,681082
"Masyn Winn","STL",64,271,2,27,26,6,0.088560885,0.202952029,0.080508475,0.288043478,0.233050847,0.313653136,0.313559322,0.2859270053596074,0.30298994553576614,81.1770625515518,1.1581488326191902,-4.853389366207753,4.804452180862427,0.8842999815006106,"Masyn Winn",27479,691026
"Samuel Basallo","BAL",61,219,10,27,30,0,0.08675799,0.255707762,0.207070707,0.305970149,0.257575757,0.319634703,0.464646464,0.33912235498428345,0.3446991388698877,115.88807091686122,-0.544131918810308,3.5723114992584,-2.7598084211349487,0.8768201398519965,"Samuel Basallo",28824,694212
"Spencer Steer","CIN",70,275,11,42,28,3,0.105454545,0.21090909,0.186721992,0.281609195,0.248962655,0.334545454,0.435684647,0.33984149174256756,0.36515529890705767,110.87987207004105,1.1700930194929242,4.696118154371834,-4.998909115791321,0.871553088701354,"Spencer Steer",26323,668715
"Trent Grisham","NYY",66,264,8,40,35,6,0.143939393,0.159090909,0.174107143,0.25,0.232142857,0.34090909,0.40625,0.3332061496647922,0.36099811686512123,111.55433336398602,-1.338921750895679,2.2698190202191357,-3.136877179145813,0.8687909919758395,"Trent Grisham",18564,663757
"Sam Antonacci","CHW",53,212,2,32,17,9,0.070754716,0.155660377,0.10055866,0.331034482,0.279329608,0.38095238,0.379888268,0.3472557768935249,0.36905864568857044,119.71904915193848,-0.1530824787914753,4.792628079797286,-3.8112741708755493,0.8686502094211376,"Sam Antonacci",35101,803011
"Daniel Schneemann","CLE",57,199,5,21,22,4,0.095477386,0.281407035,0.133333334,0.302521008,0.227777777,0.301507537,0.361111111,0.29725472112396856,0.3046555759930851,87.18808223425538,-1.0373749304562807,-4.053671808800615,5.097518801689148,0.8278865593619846,"Daniel Schneemann",25180,682177
"Bo Bichette","NYM",73,319,8,36,41,1,0.059561128,0.175548589,0.125423728,0.276595744,0.247457627,0.29153605,0.372881355,0.2929196453019743,0.33042763764003535,87.10459542388882,-0.6347557073459029,-5.482666016016437,3.1226841807365417,0.8062693059262966,"Bo Bichette",19612,666182
"Vladimir Guerrero Jr.","TOR",69,292,3,39,27,5,0.116438356,0.106164383,0.084,0.3,0.276,0.366438356,0.36,0.3237201033568964,0.3505557389209495,104.5880469777178,-0.27098261658102274,1.3139747082819784,-3.8492841720581055,0.8002791255316525,"Vladimir Guerrero Jr.",19611,665489
"Jake Burger","TEX",71,287,12,32,42,1,0.073170731,0.264808362,0.186311788,0.299435028,0.247148288,0.303135888,0.433460076,0.32192550532078495,0.30492344906455593,104.16720495590046,0.06644829921424389,1.4813739616305281,-4.028927206993103,0.7809031644051597,"Jake Burger",22275,669394
"Chase DeLauter","CLE",66,270,7,24,34,2,0.103703703,0.133333333,0.145833333,0.281407035,0.2625,0.337037037,0.408333333,0.3306936449474759,0.3435137469069402,109.90363327024968,0.5924752121791244,3.755955845452071,-5.81007707118988,0.7695585824083939,"Chase DeLauter",32127,800050
"Curtis Mead","WSN",58,207,11,32,34,3,0.125603864,0.169082125,0.241573033,0.234848484,0.235955056,0.342995169,0.477528089,0.3599896704517125,0.3727282922244766,129.54494380011113,-1.578265992924571,5.629197227185752,-4.8132240772247314,0.7624358176147281,"Curtis Mead",23986,678554
"Austin Martin","MIN",67,236,2,28,17,8,0.122881355,0.182203389,0.084577114,0.29299363,0.23880597,0.347457627,0.323383084,0.31072128551491235,0.30950287641105007,94.40207481390225,-1.1164331389591098,-2.6793862841107288,1.6235671043395996,0.7480351860717092,"Austin Martin",27462,668885
"Willi Castro","COL",62,243,5,32,31,5,0.094650205,0.24691358,0.125,0.368421052,0.282407407,0.358024691,0.407407407,0.34218274197951265,0.30287495132320186,103.65900064534416,-1.7191183362156153,-0.6712718030229707,0.12406200170516968,0.7416336521190311,"Willi Castro",17338,650489
"Troy Johnston","COL",69,261,3,30,34,4,0.076628352,0.17624521,0.128205129,0.37433155,0.311965811,0.373076923,0.44017094,0.3597456143452571,0.3313048015269198,115.63590204692547,-1.256179821677506,3.553236463306529,-4.9239126443862915,0.716772604568374,"Troy Johnston",26143,687859
"Kyle Tucker","LAD",70,300,6,43,39,6,0.123333333,0.203333333,0.147286822,0.288659793,0.240310077,0.336666666,0.387596899,0.32401025215784707,0.32494295756022135,105.50055151948247,0.8598852204158902,2.8046022293057433,-5.458846092224121,0.7139293823025082,"Kyle Tucker",18345,663656
"Jake McCarthy","COL",59,202,4,23,27,11,0.05940594,0.198019801,0.158469945,0.345070422,0.289617486,0.331658291,0.448087431,0.33876207036588657,0.31237031955911654,101.32629299989688,0.9358526170253754,1.251585465752858,-0.8357881307601929,0.705242166339796,"Jake McCarthy",21622,664983
"Jarren Duran","BOS",65,289,12,35,37,11,0.062283737,0.294117647,0.184210526,0.263157894,0.214285714,0.269896193,0.39849624,0.2924862029643207,0.29573870038652755,78.59153435785308,2.748011059127748,-4.5716378568000815,1.1988184452056885,0.7040428303413022,"Jarren Duran",24617,680776
"Jakob Marsee","MIA",72,297,3,37,17,17,0.134680134,0.235690235,0.096774193,0.267045454,0.201612903,0.327702702,0.298387096,0.29337693448807745,0.3045221612527709,82.75072052590339,0.3807652611285448,-5.656723415216243,2.940113604068756,0.6977284989573861,"Jakob Marsee",31370,805300
"Brooks Lee","MIN",71,278,11,31,39,3,0.068345323,0.161870503,0.176470588,0.25,0.239215686,0.29602888,0.415686274,0.3125311355728535,0.2772713946951856,95.63153248352252,-0.17890553548932076,-1.6156541016268469,-1.4490306377410889,0.6955663274643458,"Brooks Lee",31595,686797
"Luke Raley","SEA",66,210,14,24,35,1,0.052380952,0.319047619,0.261780105,0.29090909,0.240837696,0.302884615,0.502617801,0.346797115560891,0.358546197126453,126.16658844315754,0.4708595806732774,6.971756267772067,-7.684930801391602,0.6886917524626385,"Luke Raley",19354,670042
"Leody Taveras","BAL",62,220,2,26,28,8,0.104545454,0.222727272,0.111702128,0.333333333,0.255319148,0.338028169,0.367021276,0.31726405234404015,0.30100646108951207,101.0394055768719,1.7338711563497782,2.004400631080096,-3.228442281484604,0.672880044332319,"Leody Taveras",18900,665750
"Gavin Sheets","SDP",66,236,11,27,30,3,0.105932203,0.228813559,0.220095694,0.25,0.224880382,0.313559322,0.444976076,0.3333638007357969,0.32594383369057867,115.12508031024669,0.6763544697314501,4.883026108197308,-5.890092134475708,0.6717943333409581,"Gavin Sheets",19901,657757
"J.T. Realmuto","PHI",50,185,5,16,17,3,0.075675675,0.2,0.115151515,0.233870967,0.206060606,0.286486486,0.321212121,0.2766807146974512,0.32144461966849663,71.09398928153527,0.3741295477375388,-5.928021514318348,6.335155963897705,0.6485736661594768,"J.T. Realmuto",11739,592663
"Matt McLain","CIN",69,271,8,31,25,11,0.121771217,0.243542435,0.153846153,0.25,0.205128205,0.311111111,0.358974358,0.3038416701334494,0.3300548097980556,86.32999748757285,-0.6613569408655167,-5.0271867964118435,2.432422697544098,0.6248279642946709,"Matt McLain",29695,680574
"Joc Pederson","TEX",68,218,9,27,25,0,0.128440366,0.197247706,0.207650273,0.268656716,0.245901639,0.350230414,0.453551912,0.3512390551191789,0.3529820265593352,124.08032895492924,-0.6222213869914412,5.58826729687895,-7.474945366382599,0.5980925648032289,"Joc Pederson",11899,592626
"Carlos Cortes","ATH",59,198,6,17,21,1,0.106060606,0.111111111,0.167630057,0.301369863,0.289017341,0.373737373,0.456647398,0.36702683327173946,0.36524384327423876,130.5987376644216,-1.1989448573440313,5.9686849406518006,-7.549363613128662,0.556767910306982,"Carlos Cortes",21842,666126
"Carson Kelly","CHC",54,189,3,21,19,0,0.089947089,0.169312169,0.088757396,0.320895522,0.272189349,0.349206349,0.360946745,0.3225712501813495,0.3189162400664476,105.80886431099297,-0.6940803891047835,0.5997637333224151,-1.8299217224121094,0.4948259776825912,"Carson Kelly",13620,608348
"Nathan Church","STL",53,185,5,20,19,4,0.048648648,0.227027027,0.13372093,0.307086614,0.255813953,0.297297297,0.389534883,0.30225056506492,0.290995809194204,92.30882169902921,0.5171460900455713,-1.1597012608398902,-0.08989608287811279,0.4797186909477875,"Nathan Church",31357,701675
"Corey Seager","TEX",47,204,9,25,24,1,0.112745098,0.264705882,0.186440678,0.206896551,0.186440677,0.284313725,0.372881355,0.28916786684848295,0.335561204664778,81.91446104393503,-0.985586560331285,-5.350428168864319,2.5896516144275665,0.4582453960407307,"Corey Seager",13624,608369
"Kyle Isbel","KCR",56,183,3,16,11,5,0.054644808,0.224043715,0.109756097,0.305785123,0.243902439,0.297752808,0.353658536,0.29089145948377887,0.2754241857635841,78.68243656291494,1.7315000239759684,-2.883753042734872,0.8137581273913383,0.45251233621722914,"Kyle Isbel",21614,664728
"Nasim Nuñez","WSN",68,237,0,30,23,26,0.109704641,0.219409282,0.044334975,0.289473684,0.216748768,0.307359307,0.261083743,0.2663798670232038,0.2735487092530363,65.7082681962154,4.3889196226373315,-5.1889007022621705,1.880704641342163,0.4405434550254421,"Nasim Nunez",25979,683083
"Ryan O'Hearn","PIT",59,240,10,32,35,1,0.083333333,0.225,0.171296296,0.331168831,0.282407407,0.345833333,0.453703703,0.3496918304195963,0.3258040679548575,120.60909574928134,-2.3183328649029136,3.5107348421459017,-6.968084335327148,0.4351861719286656,"Ryan O'Hearn",16442,656811
"Jose Altuve","HOU",52,222,7,32,16,1,0.099099099,0.22072072,0.157360406,0.274647887,0.233502538,0.312217194,0.390862944,0.31118872246958995,0.2992819509198589,96.04708250103815,-0.4837419958785176,-1.5219337867794307,-2.3918301165103912,0.4059933658904292,"Jose Altuve",5417,514888
"Ryan McMahon","NYY",65,192,7,18,22,3,0.078125,0.307291666,0.142045455,0.272727272,0.210227272,0.272251308,0.352272727,0.2787400896012471,0.2927544706611223,74.55474050528193,-0.0781361935660243,-5.85796504706696,2.9224929809570312,0.3969329733332356,"Ryan McMahon",15112,641857
"Ildemaro Vargas","ARI",63,243,7,32,37,1,0.041152263,0.094650205,0.149122807,0.266331658,0.263157894,0.298755186,0.412280701,0.3081166774159196,0.30956596664235564,93.16101945064462,0.40022680535912514,-1.558286666982677,-2.3843919038772583,0.39556569034472844,"Ildemaro Vargas",13324,545121
"Chandler Simpson","TBR",68,270,0,32,14,14,0.051851851,0.111111111,0.047808765,0.295964125,0.262948207,0.299625468,0.310756972,0.27392116825232343,0.2517936850493809,69.27946564239524,1.989970363676548,-7.822975333335169,2.0897133350372314,0.3945786209781178,"Chandler Simpson",31912,802415
"Jackson Merrill","SDP",69,289,7,31,28,11,0.079584775,0.238754325,0.13688213,0.251336898,0.205323193,0.271777003,0.342205323,0.2717239310866908,0.31380696363852056,73.09012009305597,2.859492993913591,-6.30563477088902,0.8376398086547852,0.39105384314386105,"Jackson Merrill",29490,701538
"Cal Raleigh","SEA",42,185,7,16,20,2,0.102702702,0.308108108,0.152439024,0.196078431,0.164634146,0.248648648,0.31707317,0.2546209560858237,0.29252867827544343,63.54997237293897,-0.5614233585074544,-8.539100494121978,5.7402307987213135,0.3854762628991339,"Cal Raleigh",21534,663728
"Colt Keith","DET",66,209,4,27,16,3,0.052631578,0.205741626,0.123076923,0.322147651,0.266666666,0.311004784,0.389743589,0.3096737519405675,0.3221125602722168,94.19543357701056,1.482879283837974,0.04764454643575666,-3.7219178676605225,0.3832693938738093,"Colt Keith",27899,690993
"Nolan Schanuel","LAA",58,237,4,21,25,0,0.071729957,0.160337552,0.112676057,0.289017341,0.253521126,0.320675105,0.366197183,0.3079586916834996,0.3161752757140856,92.10702799567426,-0.6133745647966862,-2.8264477404798374,-2.0947766304016113,0.3576966708896913,"Nolan Schanuel",33189,694384
"Luke Keaschall","MIN",69,277,2,33,24,10,0.090252707,0.158844765,0.081967213,0.288557213,0.245901639,0.324909747,0.327868852,0.2957751411890638,0.2892698253284801,84.24893992184937,2.4137712214142084,-2.747972317674166,-3.653299391269684,0.35187401599874313,"Luke Keaschall",33321,807712
"Jo Adell","LAA",74,310,10,35,41,3,0.029032258,0.229032258,0.14532872,0.304761904,0.256055363,0.3,0.401384083,0.3093857280669674,0.3361483982631138,93.07643472568678,0.2735364465042949,-2.265671979951048,-5.422402262687683,0.3403676772854775,"Jo Adell",20220,666176
"Jeremiah Jackson","BAL",58,182,7,20,29,1,0.021978021,0.203296703,0.16,0.285714285,0.257142857,0.274725274,0.417142857,0.29962255371795904,0.2938539494467045,89.05527700541188,-0.8430630378425121,-3.199647598459638,-0.01887306571006775,0.33182837449544245,"Jeremiah Jackson",22239,669236
"Jesús Sánchez","TOR",66,212,7,22,29,1,0.04245283,0.21226415,0.174358974,0.333333333,0.287179487,0.325471698,0.461538461,0.3393523902124703,0.3455309549967448,115.20728854635534,-1.014208346605301,2.799913062175814,-7.132893800735474,0.3270104287411808,"Jesus Sanchez",19913,660821
"Taylor Walls","TBR",54,188,0,23,16,10,0.117021276,0.255319148,0.063694268,0.309090909,0.216560509,0.318681318,0.280254777,0.2798581981396937,0.24360256195068358,73.31257705831872,1.4339234996587038,-4.501768443986018,0.9853891134262085,0.32322414481726164,"Taylor Walls",22458,670764
"Connor Norby","MIA",61,221,4,17,16,6,0.108597285,0.294117647,0.127659574,0.291666666,0.207446808,0.321266968,0.335106382,0.30172713687516983,0.2846127081354824,88.44509378050371,-0.1801812583580613,-3.1896346380368366,-0.7641177177429199,0.32224394815313545,"Connor Norby",29592,681393
"Carter Jensen","KCR",67,250,8,30,36,0,0.088,0.288,0.166666667,0.278911564,0.22072072,0.288,0.387387387,0.2948938141386193,0.2729321756670552,81.40129473867552,-0.15448870323598385,-5.655335967383167,-0.15657007694244385,0.3140509045830989,"Carter Jensen",29478,695600
"Kyle Manzardo","CLE",63,218,7,23,22,0,0.105504587,0.325688073,0.157068063,0.333333333,0.235602094,0.325688073,0.392670157,0.32120718622426375,0.3159525129530165,103.45934282551683,-1.3774769976735115,-0.4852877957854449,-4.312216859310865,0.30141958916271316,"Kyle Manzardo",29794,700932
"Luis García Jr.","WSN",68,236,9,29,45,2,0.033898305,0.152542372,0.198237886,0.278688524,0.26431718,0.288135593,0.462555066,0.3234583649594905,0.3258831040542013,104.63262679183106,-0.7030829079449177,0.5853690762465604,-5.2657830119133,0.2974047835700913,"Luis Garcia Jr.",20391,671277
"Ramón Laureano","SDP",53,206,7,23,21,7,0.097087378,0.31553398,0.17032967,0.267857142,0.203296703,0.286407766,0.373626373,0.2930749475377277,0.3123848183641156,87.65032491219345,0.5101911686360836,-2.4879472066195056,-1.4941295385360718,0.27013454590067676,"Ramon Laureano",17128,657656
"Mike Yastrzemski","ATL",66,200,3,26,18,1,0.095,0.235,0.11299435,0.299212598,0.231638418,0.32,0.344632768,0.30229956686496734,0.2883877182006836,89.70999493248569,0.31757849734276533,-2.1077719795418544,-1.76242995262146,0.2618478594067657,"Mike Yastrzemski",14854,573262
"Brice Matthews","HOU",62,185,6,18,18,2,0.064864864,0.313513513,0.146198831,0.277777777,0.210526315,0.260869565,0.356725146,0.2726058208424112,0.27674940765881145,69.83715195259141,-1.1258158944547176,-7.727442254654781,3.707484558224678,0.2610223319857013,"Brice Matthews",33280,694728
"Steven Kwan","CLE",65,275,1,30,13,3,0.127272727,0.101818181,0.047413793,0.234146341,0.211206896,0.317343173,0.258620689,0.27128574185901216,0.2963052528181326,69.5469740167983,-0.000738147646188736,-9.90837346645254,2.666397452354431,0.2589377639239218,"Steven Kwan",24610,680757
"Cedric Mullins","TBR",62,241,6,24,21,12,0.091286307,0.182572614,0.115942029,0.221518987,0.198067632,0.289361702,0.314009661,0.27627861778786844,0.26915158028210395,70.88091566279957,-0.254244371317327,-8.556605550031792,2.3950815200805664,0.2457871324675754,"Cedric Mullins",17929,656775
"Josh Naylor","SEA",68,296,8,27,32,13,0.077702702,0.128378378,0.118959107,0.267857142,0.252788104,0.315254237,0.371747211,0.3046999897159407,0.3231411826488508,97.5693938789174,-1.942840133793652,-2.7940039716372005,-6.101002395153046,0.16659792906430537,"Josh Naylor",18839,647304
"Victor Caratini","MIN",53,196,4,11,25,0,0.091836734,0.193877551,0.104294478,0.2421875,0.214723926,0.311224489,0.319018404,0.2871811724438959,0.33922035840092873,78.4109309995836,-1.960534643381834,-6.966603876190731,1.6102402210235596,0.16469688484450085,"Victor Caratini",14968,605170
"Manny Machado","SDP",70,291,12,32,35,1,0.099656357,0.223367697,0.178988327,0.179347826,0.175097276,0.255172413,0.354085603,0.2684108893351571,0.3062140941619873,70.83081002286295,-1.6040945621207356,-11.607463332082274,3.853387027978897,0.16461823987912116,"Manny Machado",11493,592518
"Spencer Torkelson","DET",72,279,12,27,29,0,0.11469534,0.336917562,0.20746888,0.277372262,0.207468879,0.308243727,0.414937759,0.3199472427368164,0.31558194606424234,101.17436644374216,-1.0598322488367558,-0.672204639881618,-8.031917333602905,0.12441753396300514,"Spencer Torkelson",27465,679529
"Adolis García","PHI",67,259,7,21,21,3,0.081081081,0.324324324,0.134199135,0.265734265,0.194805194,0.27027027,0.329004329,0.26921463242829075,0.29388701685607205,66.00253673711894,0.30613285186700523,-10.070947950276015,2.7044951915740967,0.09911689543114466,"Adolis Garcia",19287,666969
"George Springer","TOR",51,226,7,22,19,4,0.110619469,0.181415929,0.158974359,0.236486486,0.215384615,0.30941704,0.374358974,0.30682572709070727,0.31339346026091297,93.11144957519836,-0.02701602503657341,-1.8688189008880753,-5.509259223937988,0.06741109423833769,"George Springer",12856,543807
"Rafael Devers","SFG",73,309,9,33,33,0,0.077669902,0.300970873,0.177304964,0.313186813,0.234042553,0.294498381,0.411347517,0.30679468397985454,0.29147755472283615,95.65427657786677,-1.2814909871667624,-2.864011992882406,-6.461107581853867,0.06356376265714303,"Rafael Devers",17350,646240
"Kyle Stowers","MIA",50,210,5,21,22,1,0.09047619,0.304761904,0.151351352,0.29059829,0.21081081,0.296650717,0.362162162,0.2935056766638389,0.303853126672598,82.83851552396577,0.019506361335515976,-4.227697114187621,-1.9360039234161377,0.06090826876589178,"Kyle Stowers",26151,669065
"Trea Turner","PHI",71,313,7,41,21,14,0.063897763,0.22683706,0.109965636,0.261682242,0.216494845,0.268370607,0.326460481,0.26622702043277385,0.2778756626116963,63.96515164706504,2.5598072726279497,-10.732364882768797,1.0766143798828125,0.04299170216146686,"Trea Turner",16252,607208
"Coby Mayo","BAL",58,197,9,25,26,1,0.071065989,0.324873096,0.188888889,0.24074074,0.194444444,0.258883248,0.383333333,0.2825688801441096,0.2934959334165312,77.47046660712876,0.6893158731982112,-4.561481860497145,-2.245929852128029,0.020430917798737288,"Coby Mayo",28312,691723
"Austin Riley","ATL",72,290,8,31,34,4,0.086206896,0.286206896,0.143968871,0.261904761,0.20233463,0.286206896,0.346303501,0.28461041532713793,0.30152417879203613,77.6469781642583,0.7164980163797736,-6.92297078168813,-2.222824811935425,0.019491973979403637,"Austin Riley",18360,663586
"David Hamilton","MIL",59,201,3,29,11,14,0.099502487,0.213930348,0.087209302,0.285714285,0.226744186,0.310880829,0.313953488,0.28658309964936013,0.2682816982269287,80.22401127937417,1.0161253102123737,-3.668374053639841,-2.75499165058136,0.004909570095632615,"David Hamilton",27531,666152
"Brett Baty","NYM",69,245,3,24,26,3,0.089795918,0.281632653,0.092165899,0.31292517,0.225806451,0.303278688,0.31797235,0.28271082800919894,0.29615836847023885,80.14275025437033,0.5629681767895818,-5.1704563973123925,-2.733702778816223,-0.0016274864968200548,"Brett Baty",26123,683146
"Andrew Benintendi","CHW",64,228,8,29,33,1,0.083333333,0.267543859,0.185365853,0.294964028,0.23902439,0.299559471,0.424390243,0.3153884053755437,0.3236524793836806,98.07107662984409,-0.534835159778595,-1.055138588284945,-7.315086245536804,-0.02645779246252955,"Andrew Benintendi",17901,643217
"Marcus Semien","NYM",73,289,9,28,26,6,0.072664359,0.214532871,0.133079847,0.246153846,0.216730038,0.274305555,0.349809885,0.27735584746632314,0.3220215910798186,76.49095158307186,0.7834472339600325,-7.2234050119497315,-2.6581798791885376,-0.058781562354323705,"Marcus Semien",12533,543760
"Justin Crawford","PHI",67,218,2,19,14,9,0.064220183,0.206422018,0.094059406,0.296774193,0.237623762,0.293577981,0.331683168,0.28115290075267124,0.2660399095727763,74.14377124871332,0.8677649078890681,-5.775026207353425,-1.8867444396018982,-0.06552373827329429,"Justin Crawford",31791,702222
"Tyler Stephenson","CIN",58,204,5,14,19,0,0.117647058,0.269607843,0.123595505,0.275,0.213483146,0.303921568,0.337078651,0.2903454029092602,0.32140934882472405,77.12629444473883,-1.4002208542078733,-6.8993714725827955,-0.410585880279541,-0.07560780363907976,"Tyler Stephenson",17988,663886
"Marcelo Mayer","BOS",63,204,3,18,18,3,0.073529411,0.181372549,0.087912088,0.255172413,0.219780219,0.285714285,0.307692307,0.26883887216962615,0.2608414829367458,62.52755597245112,0.12412193417549133,-8.91963856763806,0.7333179116249084,-0.09472891065634519,"Marcelo Mayer",29668,691785
"Miguel Andujar","SDP",54,198,5,18,17,2,0.035353535,0.166666666,0.164021164,0.284768211,0.253968253,0.287878787,0.417989417,0.3040788629833533,0.2852288070990115,95.15438276668488,-0.616692127819988,-1.747381256795852,-5.586037218570709,-0.09768799981631049,"Miguel Andujar",15878,609280
"Vinnie Pasquantino","KCR",68,291,6,28,32,3,0.109965635,0.175257731,0.125984252,0.253731343,0.224409448,0.30927835,0.3503937,0.2936169162753544,0.31641679339938694,80.53387930587516,-0.11423576809465885,-6.815847558905327,-4.875189870595932,-0.13650309501481023,"Vinnie Pasquantino",27676,686469
"Caleb Durbin","BOS",64,226,3,21,26,5,0.057522123,0.14159292,0.117073171,0.209302325,0.190243902,0.25,0.307317073,0.24981946870684624,0.27987433121343364,49.607396450773365,1.2275811051949859,-12.245970863655227,2.7552395462989807,-0.14791162963212295,"Caleb Durbin",29646,702332
"Alec Bohm","PHI",69,275,9,22,38,1,0.065454545,0.141818181,0.143426295,0.22705314,0.223107569,0.276363636,0.366533864,0.28358945152976295,0.294755754679659,75.80536325994336,-1.0156698729842901,-8.856837188693603,-1.4969198107719421,-0.1528466530516457,"Alec Bohm",21618,664761
"Victor Scott II","STL",61,184,2,19,9,9,0.086956521,0.239130434,0.064516129,0.254545454,0.193548387,0.275862068,0.258064516,0.24896141783944492,0.2733249442521916,55.968589372412865,0.6743867341428995,-8.8735458371063,1.3796226978302002,-0.1599877807547696,"Victor Scott II",31349,687363
"Brent Rooker","ATH",48,203,10,20,29,2,0.093596059,0.320197044,0.188888888,0.242990654,0.2,0.280788177,0.388888888,0.294106921937206,0.3122822732636423,81.06317317668747,0.41221786476671696,-4.135673804783099,-4.758355721831322,-0.1704845844399766,"Brent Rooker",19627,667670
"Nolan Gorman","STL",62,229,7,19,26,0,0.109170305,0.323144104,0.12437811,0.260162601,0.19402985,0.279475982,0.31840796,0.26711366617732113,0.27855588265977765,68.3474123822415,-1.1293849470093846,-9.67166141580356,0.5236139297485352,-0.1809093068499113,"Nolan Gorman",22263,669357
"Sal Frelick","MIL",66,243,3,26,25,5,0.094650205,0.102880658,0.080568721,0.241935483,0.227488151,0.302521008,0.308056872,0.2765439424333693,0.28061132915949416,73.37786483891986,0.8115386478602886,-6.812376934176919,-3.5685887336730957,-0.26062791477966735,"Sal Frelick",29622,686217
"Jorge Soler","LAA",58,243,9,28,33,0,0.090534979,0.312757201,0.18224299,0.287878787,0.219626168,0.300411522,0.401869158,0.30984833995991773,0.306340849448624,93.39069376463299,-1.9609898729249835,-3.861057306155361,-7.668059825897217,-0.2940295505132697,"Jorge Soler",14221,624585
"Josh Bell","MIN",72,285,8,35,45,1,0.066666666,0.235087719,0.145038168,0.291005291,0.240458015,0.294736842,0.385496183,0.3005112125162493,0.3115936011598821,87.46622258652539,-1.5888866651803255,-5.814927640462285,-7.270350456237793,-0.3003585188453079,"Josh Bell",13145,605137
"Jeff McNeil","ATH",66,238,3,19,19,1,0.084033613,0.138655462,0.08490566,0.264044943,0.235849056,0.308016877,0.320754716,0.28416575440915964,0.305881970994016,74.30999237659373,-1.7248182781040668,-8.958311119115923,-2.4867826104164124,-0.303593909634056,"Jeff McNeil",15362,643446
"Willy Adames","SFG",71,300,11,34,29,1,0.056666666,0.276666666,0.188612099,0.281914893,0.227758007,0.273333333,0.416370106,0.30034970740477246,0.29183878308554556,91.25916128193053,-2.5951614938676357,-5.685480285862509,-7.141592979431152,-0.32289073759876724,"Willy Adames",15986,642715
"Rhys Hoskins","CLE",57,201,6,24,24,0,0.169154228,0.288557213,0.186335404,0.237623762,0.186335403,0.328358208,0.372670807,0.3163470017969312,0.30080398635484684,100.15774831290257,-2.110882118344307,-2.073370340612349,-8.440383434295654,-0.342818958600931,"Rhys Hoskins",16472,656555
"Eugenio Suárez","CIN",46,182,7,16,25,0,0.082417582,0.329670329,0.168674699,0.29,0.216867469,0.28021978,0.385542168,0.2937658396396008,0.27153608772192106,79.45884191285909,-0.7846119357272983,-5.190416557235044,-4.4605817794799805,-0.3864010274618848,"Eugenio Suarez",12552,553993
"Matt Vierling","DET",61,197,4,16,23,2,0.081218274,0.157360406,0.13559322,0.219178082,0.20338983,0.26395939,0.33898305,0.2664896292129749,0.30683937851263554,64.85982609930608,-0.9604683173820376,-9.150338132342693,-1.6743824481964111,-0.38901531366351705,"Matt Vierling",21558,663837
"Isaac Collins","KCR",65,241,3,24,19,3,0.132780082,0.253112033,0.085,0.289855072,0.215,0.334728033,0.3,0.29711197085959146,0.30652704598015823,82.90812110865741,-1.9415851635858417,-6.814779325034349,-5.6900551319122314,-0.4007264005277467,"Isaac Collins",25477,686555
"Ezequiel Tovar","COL",69,263,5,22,24,4,0.05703422,0.281368821,0.119341564,0.281437125,0.213991769,0.262357414,0.333333333,0.2643064677488668,0.2923832592402121,50.55171622402316,0.8222632575780153,-14.503986289741489,1.7424854040145874,-0.43762322801680037,"Ezequiel Tovar",24064,678662
"Luis Rengifo","MIL",57,209,0,19,19,3,0.09090909,0.114832535,0.048648649,0.233128834,0.205405405,0.280193236,0.254054054,0.24599487312789103,0.29586289568645197,52.54509993792198,-0.8287773132324219,-12.517209739578147,-0.15526807308197021,-0.6057511857722345,"Luis Rengifo",19858,650859
"Edouard Julien","COL",63,196,2,23,17,4,0.122448979,0.270408163,0.076023392,0.318965517,0.228070175,0.326530612,0.304093567,0.29245940306965185,0.3374972830013353,69.75045111660262,-0.2730003669857979,-7.26021195550862,-5.393602192401886,-0.6465085321030639,"Edouard Julien",27534,666397
"Owen Caissie","MIA",62,193,6,19,35,3,0.07253886,0.409326424,0.162790698,0.326086956,0.209302325,0.269430051,0.372093023,0.2807397020913159,0.2899089411685341,74.13283142138013,1.0690607614815235,-4.814430647212377,-8.991523742675781,-0.773779784292263,"Owen Caissie",27496,683357
"Mark Vientos","NYM",60,212,8,20,29,0,0.033018867,0.226415094,0.163366336,0.244897959,0.217821782,0.25,0.381188118,0.2753995510767091,0.31782092688218605,75.1568663330773,-1.1628595851361752,-7.36970827301445,-7.912039279937744,-0.8618448161106198,"Mark Vientos",22184,668901
"Marcell Ozuna","PIT",51,208,5,15,23,0,0.091346153,0.288461538,0.106951872,0.25409836,0.192513368,0.274038461,0.29946524,0.26064996442933014,0.3052552915086933,59.88749922625005,-0.5708013344556093,-10.403483352785848,-5.185184955596924,-0.9062523583259291,"Marcell Ozuna",10324,542303
"Lawrence Butler","ATH",66,199,4,22,19,4,0.100502512,0.256281407,0.100558659,0.25,0.195530726,0.276381909,0.296089385,0.2601269640103735,0.3046112449801698,57.9800897448791,-1.1645660288631916,-11.057271121750098,-5.088820397853851,-0.9241210094916221,"Lawrence Butler",22542,671732
"Salvador Perez","KCR",68,286,9,25,26,0,0.041958041,0.195804195,0.124528301,0.215686274,0.2,0.244755244,0.324528301,0.2507900449267605,0.2854946203399123,51.44095792582009,-1.319928178563714,-17.750134220801026,-4.0056222677230835,-1.180432620366279,"Salvador Perez",7304,521692